--
-- PostgreSQL database dump
--

-- Dumped from database version 16.4 (Debian 16.4-1.pgdg120+1)
-- Dumped by pg_dump version 16.4 (Debian 16.4-1.pgdg120+1)

SET statement_timeout = 0;
SET lock_timeout = 0;
SET idle_in_transaction_session_timeout = 0;
SET client_encoding = 'UTF8';
SET standard_conforming_strings = on;
SELECT pg_catalog.set_config('search_path', '', false);
SET check_function_bodies = false;
SET xmloption = content;
SET client_min_messages = warning;
SET row_security = off;

SET default_tablespace = '';

SET default_table_access_method = heap;

--
-- Name: auth_group; Type: TABLE; Schema: public; Owner: blog
--

CREATE TABLE public.auth_group (
    id integer NOT NULL,
    name character varying(150) NOT NULL
);


ALTER TABLE public.auth_group OWNER TO blog;

--
-- Name: auth_group_id_seq; Type: SEQUENCE; Schema: public; Owner: blog
--

ALTER TABLE public.auth_group ALTER COLUMN id ADD GENERATED BY DEFAULT AS IDENTITY (
    SEQUENCE NAME public.auth_group_id_seq
    START WITH 1
    INCREMENT BY 1
    NO MINVALUE
    NO MAXVALUE
    CACHE 1
);


--
-- Name: auth_group_permissions; Type: TABLE; Schema: public; Owner: blog
--

CREATE TABLE public.auth_group_permissions (
    id bigint NOT NULL,
    group_id integer NOT NULL,
    permission_id integer NOT NULL
);


ALTER TABLE public.auth_group_permissions OWNER TO blog;

--
-- Name: auth_group_permissions_id_seq; Type: SEQUENCE; Schema: public; Owner: blog
--

ALTER TABLE public.auth_group_permissions ALTER COLUMN id ADD GENERATED BY DEFAULT AS IDENTITY (
    SEQUENCE NAME public.auth_group_permissions_id_seq
    START WITH 1
    INCREMENT BY 1
    NO MINVALUE
    NO MAXVALUE
    CACHE 1
);


--
-- Name: auth_permission; Type: TABLE; Schema: public; Owner: blog
--

CREATE TABLE public.auth_permission (
    id integer NOT NULL,
    name character varying(255) NOT NULL,
    content_type_id integer NOT NULL,
    codename character varying(100) NOT NULL
);


ALTER TABLE public.auth_permission OWNER TO blog;

--
-- Name: auth_permission_id_seq; Type: SEQUENCE; Schema: public; Owner: blog
--

ALTER TABLE public.auth_permission ALTER COLUMN id ADD GENERATED BY DEFAULT AS IDENTITY (
    SEQUENCE NAME public.auth_permission_id_seq
    START WITH 1
    INCREMENT BY 1
    NO MINVALUE
    NO MAXVALUE
    CACHE 1
);


--
-- Name: auth_user; Type: TABLE; Schema: public; Owner: blog
--

CREATE TABLE public.auth_user (
    id integer NOT NULL,
    password character varying(128) NOT NULL,
    last_login timestamp with time zone,
    is_superuser boolean NOT NULL,
    username character varying(150) NOT NULL,
    first_name character varying(150) NOT NULL,
    last_name character varying(150) NOT NULL,
    email character varying(254) NOT NULL,
    is_staff boolean NOT NULL,
    is_active boolean NOT NULL,
    date_joined timestamp with time zone NOT NULL
);


ALTER TABLE public.auth_user OWNER TO blog;

--
-- Name: auth_user_groups; Type: TABLE; Schema: public; Owner: blog
--

CREATE TABLE public.auth_user_groups (
    id bigint NOT NULL,
    user_id integer NOT NULL,
    group_id integer NOT NULL
);


ALTER TABLE public.auth_user_groups OWNER TO blog;

--
-- Name: auth_user_groups_id_seq; Type: SEQUENCE; Schema: public; Owner: blog
--

ALTER TABLE public.auth_user_groups ALTER COLUMN id ADD GENERATED BY DEFAULT AS IDENTITY (
    SEQUENCE NAME public.auth_user_groups_id_seq
    START WITH 1
    INCREMENT BY 1
    NO MINVALUE
    NO MAXVALUE
    CACHE 1
);


--
-- Name: auth_user_id_seq; Type: SEQUENCE; Schema: public; Owner: blog
--

ALTER TABLE public.auth_user ALTER COLUMN id ADD GENERATED BY DEFAULT AS IDENTITY (
    SEQUENCE NAME public.auth_user_id_seq
    START WITH 1
    INCREMENT BY 1
    NO MINVALUE
    NO MAXVALUE
    CACHE 1
);


--
-- Name: auth_user_user_permissions; Type: TABLE; Schema: public; Owner: blog
--

CREATE TABLE public.auth_user_user_permissions (
    id bigint NOT NULL,
    user_id integer NOT NULL,
    permission_id integer NOT NULL
);


ALTER TABLE public.auth_user_user_permissions OWNER TO blog;

--
-- Name: auth_user_user_permissions_id_seq; Type: SEQUENCE; Schema: public; Owner: blog
--

ALTER TABLE public.auth_user_user_permissions ALTER COLUMN id ADD GENERATED BY DEFAULT AS IDENTITY (
    SEQUENCE NAME public.auth_user_user_permissions_id_seq
    START WITH 1
    INCREMENT BY 1
    NO MINVALUE
    NO MAXVALUE
    CACHE 1
);


--
-- Name: blog_comment; Type: TABLE; Schema: public; Owner: blog
--

CREATE TABLE public.blog_comment (
    id bigint NOT NULL,
    name character varying(80) NOT NULL,
    email character varying(254) NOT NULL,
    body text NOT NULL,
    created_at timestamp with time zone NOT NULL,
    updated_at timestamp with time zone NOT NULL,
    is_active boolean NOT NULL,
    post_id bigint NOT NULL
);


ALTER TABLE public.blog_comment OWNER TO blog;

--
-- Name: blog_comment_id_seq; Type: SEQUENCE; Schema: public; Owner: blog
--

ALTER TABLE public.blog_comment ALTER COLUMN id ADD GENERATED BY DEFAULT AS IDENTITY (
    SEQUENCE NAME public.blog_comment_id_seq
    START WITH 1
    INCREMENT BY 1
    NO MINVALUE
    NO MAXVALUE
    CACHE 1
);


--
-- Name: blog_post; Type: TABLE; Schema: public; Owner: blog
--

CREATE TABLE public.blog_post (
    id bigint NOT NULL,
    title character varying(250) NOT NULL,
    status smallint NOT NULL,
    slug character varying(250) NOT NULL,
    body text NOT NULL,
    publish_at timestamp with time zone NOT NULL,
    created_at timestamp with time zone NOT NULL,
    updated_at timestamp with time zone NOT NULL,
    author_id integer NOT NULL
);


ALTER TABLE public.blog_post OWNER TO blog;

--
-- Name: blog_post_id_seq; Type: SEQUENCE; Schema: public; Owner: blog
--

ALTER TABLE public.blog_post ALTER COLUMN id ADD GENERATED BY DEFAULT AS IDENTITY (
    SEQUENCE NAME public.blog_post_id_seq
    START WITH 1
    INCREMENT BY 1
    NO MINVALUE
    NO MAXVALUE
    CACHE 1
);


--
-- Name: django_admin_log; Type: TABLE; Schema: public; Owner: blog
--

CREATE TABLE public.django_admin_log (
    id integer NOT NULL,
    action_time timestamp with time zone NOT NULL,
    object_id text,
    object_repr character varying(200) NOT NULL,
    action_flag smallint NOT NULL,
    change_message text NOT NULL,
    content_type_id integer,
    user_id integer NOT NULL,
    CONSTRAINT django_admin_log_action_flag_check CHECK ((action_flag >= 0))
);


ALTER TABLE public.django_admin_log OWNER TO blog;

--
-- Name: django_admin_log_id_seq; Type: SEQUENCE; Schema: public; Owner: blog
--

ALTER TABLE public.django_admin_log ALTER COLUMN id ADD GENERATED BY DEFAULT AS IDENTITY (
    SEQUENCE NAME public.django_admin_log_id_seq
    START WITH 1
    INCREMENT BY 1
    NO MINVALUE
    NO MAXVALUE
    CACHE 1
);


--
-- Name: django_content_type; Type: TABLE; Schema: public; Owner: blog
--

CREATE TABLE public.django_content_type (
    id integer NOT NULL,
    app_label character varying(100) NOT NULL,
    model character varying(100) NOT NULL
);


ALTER TABLE public.django_content_type OWNER TO blog;

--
-- Name: django_content_type_id_seq; Type: SEQUENCE; Schema: public; Owner: blog
--

ALTER TABLE public.django_content_type ALTER COLUMN id ADD GENERATED BY DEFAULT AS IDENTITY (
    SEQUENCE NAME public.django_content_type_id_seq
    START WITH 1
    INCREMENT BY 1
    NO MINVALUE
    NO MAXVALUE
    CACHE 1
);


--
-- Name: django_migrations; Type: TABLE; Schema: public; Owner: blog
--

CREATE TABLE public.django_migrations (
    id bigint NOT NULL,
    app character varying(255) NOT NULL,
    name character varying(255) NOT NULL,
    applied timestamp with time zone NOT NULL
);


ALTER TABLE public.django_migrations OWNER TO blog;

--
-- Name: django_migrations_id_seq; Type: SEQUENCE; Schema: public; Owner: blog
--

ALTER TABLE public.django_migrations ALTER COLUMN id ADD GENERATED BY DEFAULT AS IDENTITY (
    SEQUENCE NAME public.django_migrations_id_seq
    START WITH 1
    INCREMENT BY 1
    NO MINVALUE
    NO MAXVALUE
    CACHE 1
);


--
-- Name: django_session; Type: TABLE; Schema: public; Owner: blog
--

CREATE TABLE public.django_session (
    session_key character varying(40) NOT NULL,
    session_data text NOT NULL,
    expire_date timestamp with time zone NOT NULL
);


ALTER TABLE public.django_session OWNER TO blog;

--
-- Name: django_site; Type: TABLE; Schema: public; Owner: blog
--

CREATE TABLE public.django_site (
    id integer NOT NULL,
    domain character varying(100) NOT NULL,
    name character varying(50) NOT NULL
);


ALTER TABLE public.django_site OWNER TO blog;

--
-- Name: django_site_id_seq; Type: SEQUENCE; Schema: public; Owner: blog
--

ALTER TABLE public.django_site ALTER COLUMN id ADD GENERATED BY DEFAULT AS IDENTITY (
    SEQUENCE NAME public.django_site_id_seq
    START WITH 1
    INCREMENT BY 1
    NO MINVALUE
    NO MAXVALUE
    CACHE 1
);


--
-- Name: taggit_tag; Type: TABLE; Schema: public; Owner: blog
--

CREATE TABLE public.taggit_tag (
    id integer NOT NULL,
    name character varying(100) NOT NULL,
    slug character varying(100) NOT NULL
);


ALTER TABLE public.taggit_tag OWNER TO blog;

--
-- Name: taggit_tag_id_seq; Type: SEQUENCE; Schema: public; Owner: blog
--

ALTER TABLE public.taggit_tag ALTER COLUMN id ADD GENERATED BY DEFAULT AS IDENTITY (
    SEQUENCE NAME public.taggit_tag_id_seq
    START WITH 1
    INCREMENT BY 1
    NO MINVALUE
    NO MAXVALUE
    CACHE 1
);


--
-- Name: taggit_taggeditem; Type: TABLE; Schema: public; Owner: blog
--

CREATE TABLE public.taggit_taggeditem (
    id integer NOT NULL,
    object_id integer NOT NULL,
    content_type_id integer NOT NULL,
    tag_id integer NOT NULL
);


ALTER TABLE public.taggit_taggeditem OWNER TO blog;

--
-- Name: taggit_taggeditem_id_seq; Type: SEQUENCE; Schema: public; Owner: blog
--

ALTER TABLE public.taggit_taggeditem ALTER COLUMN id ADD GENERATED BY DEFAULT AS IDENTITY (
    SEQUENCE NAME public.taggit_taggeditem_id_seq
    START WITH 1
    INCREMENT BY 1
    NO MINVALUE
    NO MAXVALUE
    CACHE 1
);


--
-- Data for Name: auth_group; Type: TABLE DATA; Schema: public; Owner: blog
--

COPY public.auth_group (id, name) FROM stdin;
\.


--
-- Data for Name: auth_group_permissions; Type: TABLE DATA; Schema: public; Owner: blog
--

COPY public.auth_group_permissions (id, group_id, permission_id) FROM stdin;
\.


--
-- Data for Name: auth_permission; Type: TABLE DATA; Schema: public; Owner: blog
--

COPY public.auth_permission (id, name, content_type_id, codename) FROM stdin;
1	Can add log entry	1	add_logentry
2	Can change log entry	1	change_logentry
3	Can delete log entry	1	delete_logentry
4	Can view log entry	1	view_logentry
5	Can add permission	2	add_permission
6	Can change permission	2	change_permission
7	Can delete permission	2	delete_permission
8	Can view permission	2	view_permission
9	Can add group	3	add_group
10	Can change group	3	change_group
11	Can delete group	3	delete_group
12	Can view group	3	view_group
13	Can add user	4	add_user
14	Can change user	4	change_user
15	Can delete user	4	delete_user
16	Can view user	4	view_user
17	Can add content type	5	add_contenttype
18	Can change content type	5	change_contenttype
19	Can delete content type	5	delete_contenttype
20	Can view content type	5	view_contenttype
21	Can add session	6	add_session
22	Can change session	6	change_session
23	Can delete session	6	delete_session
24	Can view session	6	view_session
25	Can add site	7	add_site
26	Can change site	7	change_site
27	Can delete site	7	delete_site
28	Can view site	7	view_site
29	Can add tag	8	add_tag
30	Can change tag	8	change_tag
31	Can delete tag	8	delete_tag
32	Can view tag	8	view_tag
33	Can add tagged item	9	add_taggeditem
34	Can change tagged item	9	change_taggeditem
35	Can delete tagged item	9	delete_taggeditem
36	Can view tagged item	9	view_taggeditem
37	Can add post	10	add_post
38	Can change post	10	change_post
39	Can delete post	10	delete_post
40	Can view post	10	view_post
41	Can add comment	11	add_comment
42	Can change comment	11	change_comment
43	Can delete comment	11	delete_comment
44	Can view comment	11	view_comment
\.


--
-- Data for Name: auth_user; Type: TABLE DATA; Schema: public; Owner: blog
--

COPY public.auth_user (id, password, last_login, is_superuser, username, first_name, last_name, email, is_staff, is_active, date_joined) FROM stdin;
1	pbkdf2_sha256$720000$rlsEAhqKtbnXDEHzCAtrfu$InZRKNQVOXbEYSdrLFV4stVS3OcyRfYzM5hh6DE0T48=	2024-09-05 21:47:22.129676+00	t	admin			admin@admin.com	t	t	2024-09-05 21:47:19.025319+00
2	pbkdf2_sha256$720000$O8AnvspbdOsNkFwuBaxpLr$AgpcR6/fDijpZ8I1MlX9lOnNdCApS102LjU7sctnVX0=	\N	f	elias				f	t	2024-09-05 22:03:46.694885+00
\.


--
-- Data for Name: auth_user_groups; Type: TABLE DATA; Schema: public; Owner: blog
--

COPY public.auth_user_groups (id, user_id, group_id) FROM stdin;
\.


--
-- Data for Name: auth_user_user_permissions; Type: TABLE DATA; Schema: public; Owner: blog
--

COPY public.auth_user_user_permissions (id, user_id, permission_id) FROM stdin;
\.


--
-- Data for Name: blog_comment; Type: TABLE DATA; Schema: public; Owner: blog
--

COPY public.blog_comment (id, name, email, body, created_at, updated_at, is_active, post_id) FROM stdin;
1	josue	test@test.com	You clearly don't know what you are talking about	2024-09-05 22:05:16.055269+00	2024-09-05 22:05:16.055281+00	t	4
\.


--
-- Data for Name: blog_post; Type: TABLE DATA; Schema: public; Owner: blog
--

COPY public.blog_post (id, title, status, slug, body, publish_at, created_at, updated_at, author_id) FROM stdin;
1	The Future of Insurance: How AI is Transforming the Industry	20	future-of-insurance-how-ai-is-transforming-the-industry	#### **Introduction**\r\n\r\n<br>\r\nArtificial Intelligence (AI) is no longer just a buzzword; it's transforming industries across the globe. One sector that is experiencing a significant impact is insurance. From risk assessment to customer service, AI is reshaping how insurance companies operate.\r\n\r\n<br>\r\n#### **1. AI in Risk Assessment**\r\n\r\nAI algorithms can analyze vast amounts of data to assess risks more accurately than traditional methods. This includes reviewing historical data, current market trends, and individual behavior to provide a more tailored risk evaluation.\r\n\r\n<br>\r\n#### **2. Enhancing Customer Experience with Chatbots**\r\n\r\nAI-powered chatbots have become the front line of customer service for many insurers. They provide 24/7 support, handle basic queries, and even assist with claims processing, reducing wait times and improving customer satisfaction.\r\n\r\n<br>\r\n#### **3. Fraud Detection and Prevention**\r\n\r\nAI systems can detect patterns indicative of fraudulent activity by analyzing data from multiple sources in real time. This proactive approach helps insurance companies minimize losses and maintain their integrity.\r\n\r\n<br>\r\n#### **4. Personalized Insurance Products**\r\n\r\nAI enables insurers to offer personalized products based on individual customer data. This can lead to more relevant policy offerings, tailored premiums, and a better overall customer experience.\r\n\r\n<br>\r\n#### **Conclusion**\r\n\r\nThe integration of AI in the insurance industry is just beginning, but its potential is immense. From improving efficiency to offering personalized services, AI is poised to revolutionize the insurance landscape. As the technology continues to evolve, insurers that embrace AI will likely lead the way in innovation and customer satisfaction.	2024-09-05 21:56:06+00	2024-09-05 21:57:04.305899+00	2024-09-05 21:57:04.305905+00	1
2	5 Essential Tips for Financial Planning in Your 30s	20	5-essential-tips-for-financial-planning-in-your-30s	#### **Introduction**\r\n\r\nYour 30s are a crucial time for financial planning. This decade is often marked by major life changes, such as buying a home, starting a family, or advancing in your career. Making smart financial decisions now can set you up for long-term success.\r\n\r\n#### **1. Establish a Budget and Stick to It**\r\n\r\nThe first step to financial stability is creating a budget. Track your income, expenses, and savings goals. Use budgeting tools or apps to help you stay on track and adjust your spending habits where necessary.\r\n\r\n#### **2. Build an Emergency Fund**\r\n\r\nAn emergency fund is your financial safety net. Aim to save at least three to six months’ worth of living expenses. This fund will help you handle unexpected situations, such as job loss or medical emergencies, without going into debt.\r\n\r\n#### **3. Start Investing for Retirement Early**\r\n\r\nThe earlier you start investing, the more time your money has to grow. Contribute to retirement accounts like a 401(k) or IRA, and take advantage of any employer matching contributions. Even small, consistent investments can lead to significant savings over time.\r\n\r\n#### **4. Pay Off High-Interest Debt**\r\n\r\nHigh-interest debt, such as credit card balances, can derail your financial goals. Focus on paying down these debts as quickly as possible, starting with the highest interest rates first. This will free up more money for savings and investments.\r\n\r\n#### **5. Protect Your Assets with Insurance**\r\n\r\nInsurance is an essential part of a solid financial plan. Ensure you have adequate health, auto, home, and life insurance coverage. These policies will protect you and your family against financial losses due to unexpected events.\r\n\r\n#### **Conclusion**\r\n\r\nYour 30s are the perfect time to take control of your financial future. By budgeting, saving, investing, and protecting your assets, you can build a strong financial foundation for the years to come. Start implementing these tips today to set yourself up for success.	2024-09-05 21:57:35+00	2024-09-05 21:58:16.518181+00	2024-09-05 21:58:16.518188+00	1
3	Mastering Remote Work: Tips and Strategies for Staying Productive	20	mastering-remote-work-tips-and-strategies-for-staying-productive	#### **Introduction**\r\n\r\nRemote work has become the new norm for many professionals worldwide. While it offers flexibility and the comfort of working from home, it also presents unique challenges, such as staying motivated, managing time, and maintaining a healthy work-life balance. In this post, we’ll explore tips and strategies to help you master remote work and remain productive.\r\n\r\n<br>\r\n#### **1. Create a Dedicated Workspace**\r\n\r\nSetting up a dedicated workspace is crucial for maintaining focus. Whether it’s a home office, a quiet corner, or a co-working space, having a specific area for work helps you mentally separate your professional and personal life. Equip your workspace with comfortable furniture, good lighting, and all the tools you need to perform your tasks efficiently.\r\n\r\n<br>\r\n#### **2. Establish a Routine and Stick to It**\r\n\r\nOne of the biggest challenges of remote work is the lack of structure that comes with a traditional office environment. Create a daily routine that mirrors a typical workday. Set consistent start and end times, schedule breaks, and plan your tasks ahead. A structured day will help you stay on track and avoid the pitfalls of procrastination.\r\n\r\n<br>\r\n#### **3. Leverage Technology to Stay Connected**\r\n\r\nStaying connected with your team is essential when working remotely. Use communication tools like Slack, Microsoft Teams, or Zoom to maintain regular contact. Schedule check-ins, video meetings, and collaborative sessions to keep everyone aligned. Don’t underestimate the power of virtual coffee breaks to maintain team morale and camaraderie.\r\n\r\n<br>\r\n#### **4. Manage Your Time Effectively**\r\n\r\nTime management is key to maintaining productivity. Utilize tools like Trello, Asana, or Notion to organize your tasks and set priorities. Break down larger projects into manageable chunks and set deadlines for each task. Use techniques like the Pomodoro Technique, which involves working in focused intervals followed by short breaks, to maintain your concentration.\r\n\r\n<br>\r\n#### **5. Set Boundaries Between Work and Personal Life**\r\n\r\nOne of the biggest advantages of remote work is flexibility, but it can also blur the lines between work and personal life. Set clear boundaries to prevent burnout. Communicate your work hours to your family and friends, and make sure to "clock out" at the end of the day. Use your after-hours time to relax, engage in hobbies, and recharge.\r\n\r\n<br>\r\n#### **6. Prioritize Self-Care and Mental Health**\r\n\r\nWorking from home can sometimes lead to feelings of isolation and stress. Prioritize self-care by taking regular breaks, staying active, and maintaining a healthy diet. Schedule time for exercise, meditation, or other activities that help you unwind. Remember that your mental health is just as important as your physical health.\r\n\r\n<br>\r\n#### **7. Keep Learning and Upskilling**\r\n\r\nRemote work offers the perfect opportunity to invest in your professional development. Use your extra time to learn new skills, attend webinars, or take online courses related to your field. Upskilling can not only make you more valuable in your current role but also open doors to new opportunities in the future.\r\n\r\n<br>\r\n#### **Conclusion**\r\n\r\nMastering remote work requires discipline, good habits, and a proactive approach to managing your time and energy. By creating a dedicated workspace, establishing routines, leveraging technology, and prioritizing self-care, you can turn remote work into a highly productive and rewarding experience. As remote work continues to evolve, embracing these strategies will help you stay ahead and thrive in this new working landscape.	2024-09-05 21:58:35+00	2024-09-05 21:59:38.722095+00	2024-09-05 21:59:38.722104+00	1
4	The Ultimate Guide to Sustainable Living: Simple Changes for a Greener Life	20	ultimate-guide-to-sustainable-living-simple-changes-for-a-greener-life	#### **Introduction**<br>\r\nSustainable living is more than just a trend—it's a lifestyle that helps reduce your environmental impact while improving your quality of life. Whether you're just starting or looking to deepen your commitment, this guide provides simple changes you can make to live more sustainably every day.\r\n\r\n<br>\r\n#### **1. Reduce, Reuse, Recycle**<br>\r\nThe three R's of sustainability—Reduce, Reuse, Recycle—are fundamental to a greener lifestyle. Start by minimizing waste: buy only what you need, avoid single-use plastics, and opt for products with minimal packaging. Reuse items whenever possible, and ensure you recycle properly by separating materials like paper, plastic, and glass.\r\n\r\n<br>\r\n#### **2. Embrace a Plant-Based Diet**<br>\r\nReducing your meat consumption is one of the most impactful ways to lower your carbon footprint. A plant-based diet requires fewer resources and generates less pollution compared to a meat-heavy diet. You don’t have to go completely vegetarian or vegan—start with Meatless Mondays or swap out a few meals a week with plant-based alternatives.\r\n\r\n<br>\r\n#### **3. Save Energy at Home**<br>\r\nCutting down on energy use not only helps the environment but also saves you money. Simple actions like turning off lights when you leave a room, using energy-efficient appliances, and unplugging electronics when not in use can make a big difference. Consider switching to LED bulbs and setting your thermostat a few degrees lower in the winter and higher in the summer.\r\n\r\n<br>\r\n#### **4. Choose Sustainable Transportation**<br>\r\nTransportation is one of the largest contributors to greenhouse gas emissions. Whenever possible, walk, bike, or use public transport instead of driving. Carpooling and using electric or hybrid vehicles can also help reduce your carbon footprint. If you travel frequently, consider offsetting your carbon emissions through reputable programs.\r\n\r\n#### **5. Support Eco-Friendly Brands**<br>\r\nEvery dollar you spend is a vote for the kind of world you want to live in. Support companies that prioritize sustainability, ethical sourcing, and eco-friendly practices. Look for certifications like Fair Trade, B Corp, or organic labels, which indicate a commitment to environmental and social responsibility.\r\n\r\n<br>\r\n#### **6. Conserve Water**<br>\r\nWater is a precious resource, and conserving it is essential for sustainable living. Take shorter showers, fix leaky faucets, and use water-saving appliances. Collect rainwater for gardening, and consider landscaping with native plants that require less water and maintenance.\r\n\r\n<br>\r\n#### **7. Get Involved in Your Community**<br>\r\nSustainable living isn’t just about personal changes—it’s also about community action. Join local environmental groups, participate in cleanups, or advocate for green policies in your city. Community gardens, composting programs, and recycling drives are great ways to engage with others and make a larger impact.\r\n\r\n<br>\r\n#### **Conclusion**<br>\r\nLiving sustainably is a journey, not a destination. By making small changes in your daily habits, you can contribute to a healthier planet and a better future. Embrace these simple strategies, and inspire those around you to do the same. Together, we can make a significant difference in the fight against climate change.	2024-09-05 22:03:49+00	2024-09-05 22:04:42.279386+00	2024-09-05 22:04:42.279391+00	2
5	Boosting Your Productivity: 10 Habits of Highly Effective People	20	boosting-your-productivity-10-habits-of-highly-effective-people	#### **Introduction**<br>\r\nProductivity is often the key to success in both personal and professional life. Highly effective people aren’t born that way—they cultivate habits that help them get the most out of their day. Whether you’re looking to improve your work efficiency or manage your time better, these 10 habits will help you boost your productivity.\r\n\r\n<br>\r\n#### **1. Start Your Day with a Morning Routine**<br>\r\nA well-structured morning routine sets the tone for the rest of your day. Whether it’s exercise, meditation, or planning your tasks, a consistent routine helps you start your day with purpose and clarity. Avoid immediately diving into emails or social media; instead, focus on activities that energize and motivate you.\r\n\r\n<br>\r\n#### **2. Set Clear Goals and Priorities**<br>\r\nEffective people know what they need to accomplish because they set clear, achievable goals. Break your larger goals into smaller, manageable tasks, and prioritize them based on importance and deadlines. Use tools like to-do lists or digital planners to keep track of your daily and long-term objectives.\r\n\r\n<br>\r\n#### **3. Practice the 80/20 Rule (Pareto Principle)**<br>\r\nThe 80/20 rule suggests that 80% of your results come from 20% of your efforts. Identify the tasks that have the highest impact on your goals and focus your energy on those. This principle helps you work smarter, not harder, by concentrating on what truly matters.\r\n\r\n<br>\r\n#### **4. Eliminate Distractions**<br>\r\nDistractions are the enemy of productivity. Identify your biggest time-wasters—whether it’s social media, unnecessary meetings, or constant notifications—and find ways to minimize them. Use techniques like time-blocking to dedicate uninterrupted time to your most important tasks.\r\n\r\n<br>\r\n#### **5. Take Regular Breaks**<br>\r\nWorking for long hours without breaks can lead to burnout and decreased productivity. Schedule short breaks throughout your day to rest and recharge. Techniques like the Pomodoro Technique, which involves working for 25 minutes followed by a 5-minute break, can help maintain focus and prevent mental fatigue.\r\n\r\n<br>\r\n#### **6. Learn to Say No**<br>\r\nHighly effective people know their limits and aren’t afraid to say no to tasks that don’t align with their goals. Saying no is not about being rude; it’s about protecting your time and energy. Be selective about the commitments you take on, and delegate or decline when necessary.\r\n\r\n<br>\r\n#### **7. Use Technology to Your Advantage**<br>\r\nLeverage productivity tools and apps to help you stay organized. From project management tools like Trello and Asana to time-tracking apps like Toggl, technology can help streamline your workflow. Automate repetitive tasks where possible to free up time for more critical work.\r\n\r\n<br>\r\n#### **8. Practice Time Management**<br>\r\nTime management is essential for staying productive. Use techniques like time-blocking, where you assign specific time slots to tasks, to make the most of your day. Avoid multitasking, as it often leads to errors and wasted time; instead, focus on completing one task at a time.\r\n\r\n<br>\r\n#### **9. Continuously Learn and Improve**<br>\r\nHighly effective people are lifelong learners. They seek feedback, learn from their mistakes, and constantly look for ways to improve their skills. Invest in personal development by reading, attending workshops, or taking courses that align with your goals.\r\n\r\n<br>\r\n#### **10. Reflect and Plan Ahead**<br>\r\nTake time at the end of each day to reflect on what you’ve accomplished and plan for the next day. This habit helps you identify what worked, what didn’t, and what adjustments you need to make. It’s a powerful way to stay proactive and maintain control over your schedule.\r\n\r\n<br>\r\n#### **Conclusion**<br>\r\nBoosting your productivity isn’t about working longer hours—it’s about working smarter. By adopting these habits, you can enhance your efficiency, achieve your goals faster, and create a balanced, fulfilling life. Start incorporating these strategies today, and watch your productivity soar.	2024-09-05 22:10:07+00	2024-09-05 22:10:59.368747+00	2024-09-05 22:10:59.368752+00	2
6	The Art of Mindful Living: How to Live in the Present Moment	20	art-of-mindful-living-how-to-live-in-the-present-moment	#### **Introduction**\r\nIn a fast-paced world filled with constant distractions, living mindfully has become more important than ever. Mindfulness is the practice of being fully present and engaged at the moment, aware of your thoughts, feelings, and surroundings without judgment. In this post, we’ll explore how you can incorporate mindfulness into your daily life to reduce stress, improve focus, and enhance overall well-being.\r\n\r\n<br>\r\n#### **1. Start Your Day with Intention**\r\nMindful living begins the moment you wake up. Instead of rushing to check your phone or start your day on autopilot, take a few moments to set an intention. This could be as simple as “I will approach today with calmness” or “I will be present in each task.” Setting an intention helps ground you and keeps you focused on your purpose throughout the day.\r\n\r\n<br>\r\n#### **2. Practice Mindful Breathing**\r\nBreathing is a powerful tool for bringing your attention back to the present moment. Whenever you feel stressed or overwhelmed, take a few deep breaths. Inhale slowly through your nose, hold for a few seconds, and exhale through your mouth. This simple practice calms your mind, reduces anxiety, and centers your thoughts.\r\n\r\n<br>\r\n#### **3. Be Present in Everyday Tasks**\r\nMindfulness isn’t just for meditation—it can be applied to any activity. Whether you’re eating, walking, or doing household chores, try to be fully present. Focus on the sights, sounds, smells, and textures around you. This practice turns mundane tasks into opportunities for mindfulness and keeps you connected to the present.\r\n\r\n<br>\r\n#### **4. Limit Multitasking**\r\nMultitasking may seem efficient, but it often leads to mistakes and increased stress. Instead, practice single-tasking by focusing on one task at a time. Give it your full attention, and you’ll find that you can complete it more effectively and with a greater sense of satisfaction.\r\n\r\n<br>\r\n#### **5. Listen Without Interrupting**\r\nMindful listening is a skill that can greatly improve your relationships. When someone is speaking, give them your full attention. Avoid interrupting, judging, or thinking about your response while they are talking. This practice fosters deeper connections and shows respect for the person you are engaging with.\r\n\r\n<br>\r\n#### **6. Take Mindful Breaks**<br>\r\nIncorporate short mindful breaks into your day, especially during busy or stressful periods. Step away from your desk, stretch, or take a quick walk outside. Use this time to clear your mind and reset your focus. Even a five-minute break can make a significant difference in your mental clarity.\r\n\r\n<br>\r\n#### **7. Practice Gratitude**<br>\r\nMindfulness and gratitude go hand in hand. At the end of each day, take a moment to reflect on what you are grateful for. This practice shifts your focus from what’s lacking to what you have, fostering a positive mindset. Write down three things you appreciated about your day, no matter how small they may seem.\r\n\r\n<br>\r\n#### **8. Observe Your Thoughts Without Judgment**<br>\r\nMindfulness doesn’t mean eliminating thoughts but rather observing them without attachment. When thoughts arise, especially negative ones, acknowledge them without judgment or reaction. Imagine them as clouds passing by in the sky—temporary and ever-changing. This practice helps you manage stress and reduces the impact of negative thinking.\r\n\r\n<br>\r\n#### **9. End Your Day with Reflection**<br>\r\nBefore going to bed, spend a few moments reflecting on your day. Review the highs and lows, and consider what you learned. This practice helps you process your experiences and close the day with a sense of completion, making it easier to rest and reset for tomorrow.\r\n\r\n<br>\r\n#### **Conclusion**<br>\r\nMindful living is a journey that begins with small, intentional steps. By bringing mindfulness into your daily routine, you can cultivate greater awareness, reduce stress, and live a more fulfilling life. Embrace these practices, and you’ll find yourself more connected to the present moment, appreciating life’s simple pleasures one mindful breath at a time.	2024-09-05 22:15:48+00	2024-09-05 22:17:16.210592+00	2024-09-05 22:17:16.210598+00	2
\.


--
-- Data for Name: django_admin_log; Type: TABLE DATA; Schema: public; Owner: blog
--

COPY public.django_admin_log (id, action_time, object_id, object_repr, action_flag, change_message, content_type_id, user_id) FROM stdin;
1	2024-09-05 21:57:04.315305+00	1	The Future of Insurance: How AI is Transforming the Industry	1	[{"added": {}}]	10	1
2	2024-09-05 21:58:16.524068+00	2	5 Essential Tips for Financial Planning in Your 30s	1	[{"added": {}}]	10	1
3	2024-09-05 21:59:38.729086+00	3	Mastering Remote Work: Tips and Strategies for Staying Productive	1	[{"added": {}}]	10	1
4	2024-09-05 22:03:46.863602+00	2	elias	1	[{"added": {}}]	4	1
5	2024-09-05 22:04:42.283365+00	4	The Ultimate Guide to Sustainable Living: Simple Changes for a Greener Life	1	[{"added": {}}]	10	1
6	2024-09-05 22:10:59.374989+00	5	Boosting Your Productivity: 10 Habits of Highly Effective People	1	[{"added": {}}]	10	1
7	2024-09-05 22:17:16.214839+00	6	The Art of Mindful Living: How to Live in the Present Moment	1	[{"added": {}}]	10	1
\.


--
-- Data for Name: django_content_type; Type: TABLE DATA; Schema: public; Owner: blog
--

COPY public.django_content_type (id, app_label, model) FROM stdin;
1	admin	logentry
2	auth	permission
3	auth	group
4	auth	user
5	contenttypes	contenttype
6	sessions	session
7	sites	site
8	taggit	tag
9	taggit	taggeditem
10	blog	post
11	blog	comment
\.


--
-- Data for Name: django_migrations; Type: TABLE DATA; Schema: public; Owner: blog
--

COPY public.django_migrations (id, app, name, applied) FROM stdin;
1	contenttypes	0001_initial	2024-09-05 21:39:32.39663+00
2	auth	0001_initial	2024-09-05 21:39:32.451451+00
3	admin	0001_initial	2024-09-05 21:39:32.466519+00
4	admin	0002_logentry_remove_auto_add	2024-09-05 21:39:32.471892+00
5	admin	0003_logentry_add_action_flag_choices	2024-09-05 21:39:32.47758+00
6	contenttypes	0002_remove_content_type_name	2024-09-05 21:39:32.490915+00
7	auth	0002_alter_permission_name_max_length	2024-09-05 21:39:32.498877+00
8	auth	0003_alter_user_email_max_length	2024-09-05 21:39:32.504773+00
9	auth	0004_alter_user_username_opts	2024-09-05 21:39:32.509836+00
10	auth	0005_alter_user_last_login_null	2024-09-05 21:39:32.516113+00
11	auth	0006_require_contenttypes_0002	2024-09-05 21:39:32.517401+00
12	auth	0007_alter_validators_add_error_messages	2024-09-05 21:39:32.523248+00
13	auth	0008_alter_user_username_max_length	2024-09-05 21:39:32.533074+00
14	auth	0009_alter_user_last_name_max_length	2024-09-05 21:39:32.539673+00
15	auth	0010_alter_group_name_max_length	2024-09-05 21:39:32.546734+00
16	auth	0011_update_proxy_permissions	2024-09-05 21:39:32.552553+00
17	auth	0012_alter_user_first_name_max_length	2024-09-05 21:39:32.560018+00
18	taggit	0001_initial	2024-09-05 21:39:32.58672+00
19	taggit	0002_auto_20150616_2121	2024-09-05 21:39:32.59251+00
20	taggit	0003_taggeditem_add_unique_index	2024-09-05 21:39:32.598773+00
21	taggit	0004_alter_taggeditem_content_type_alter_taggeditem_tag	2024-09-05 21:39:32.610503+00
22	taggit	0005_auto_20220424_2025	2024-09-05 21:39:32.613931+00
23	taggit	0006_rename_taggeditem_content_type_object_id_taggit_tagg_content_8fc721_idx	2024-09-05 21:39:32.632401+00
24	blog	0001_initial	2024-09-05 21:39:32.653024+00
25	blog	0002_alter_post_slug	2024-09-05 21:39:32.658653+00
26	blog	0003_comment	2024-09-05 21:39:32.677279+00
27	blog	0004_alter_comment_created_at_alter_comment_updated_at	2024-09-05 21:39:32.700408+00
28	blog	0005_post_tags	2024-09-05 21:39:32.709804+00
29	sessions	0001_initial	2024-09-05 21:39:32.720118+00
30	sites	0001_initial	2024-09-05 21:39:32.724228+00
31	sites	0002_alter_domain_unique	2024-09-05 21:39:32.730527+00
\.


--
-- Data for Name: django_session; Type: TABLE DATA; Schema: public; Owner: blog
--

COPY public.django_session (session_key, session_data, expire_date) FROM stdin;
3ic7l5ywha5q19j8i6aev42ufycim6q5	.eJxVjMsOwiAQRf-FtSG8oS7d-w1kBgapGkhKuzL-uzbpQrf3nHNfLMK21rgNWuKc2ZlJdvrdENKD2g7yHdqt89TbuszId4UfdPBrz_S8HO7fQYVRv7VLSpMBlYIwU5ChkPXBSzA6gCoeRCkFVMY8EfqgyFvpBFqNjpQAkuz9Ad-POAA:1smKK2:8bLgM5G_ApALXm40b7ojnIlijznQq4S9Kg-0giNBbyU	2024-09-19 21:47:22.131167+00
\.


--
-- Data for Name: django_site; Type: TABLE DATA; Schema: public; Owner: blog
--

COPY public.django_site (id, domain, name) FROM stdin;
1	example.com	example.com
\.


--
-- Data for Name: taggit_tag; Type: TABLE DATA; Schema: public; Owner: blog
--

COPY public.taggit_tag (id, name, slug) FROM stdin;
1	ai	ai
2	technology	technology
3	life	life
4	productivity	productivity
5	lifestyle	lifestyle
\.


--
-- Data for Name: taggit_taggeditem; Type: TABLE DATA; Schema: public; Owner: blog
--

COPY public.taggit_taggeditem (id, object_id, content_type_id, tag_id) FROM stdin;
1	1	10	1
2	1	10	2
3	2	10	3
4	3	10	2
5	3	10	3
6	3	10	4
7	4	10	3
8	5	10	4
9	5	10	5
10	6	10	3
\.


--
-- Name: auth_group_id_seq; Type: SEQUENCE SET; Schema: public; Owner: blog
--

SELECT pg_catalog.setval('public.auth_group_id_seq', 1, false);


--
-- Name: auth_group_permissions_id_seq; Type: SEQUENCE SET; Schema: public; Owner: blog
--

SELECT pg_catalog.setval('public.auth_group_permissions_id_seq', 1, false);


--
-- Name: auth_permission_id_seq; Type: SEQUENCE SET; Schema: public; Owner: blog
--

SELECT pg_catalog.setval('public.auth_permission_id_seq', 44, true);


--
-- Name: auth_user_groups_id_seq; Type: SEQUENCE SET; Schema: public; Owner: blog
--

SELECT pg_catalog.setval('public.auth_user_groups_id_seq', 1, false);


--
-- Name: auth_user_id_seq; Type: SEQUENCE SET; Schema: public; Owner: blog
--

SELECT pg_catalog.setval('public.auth_user_id_seq', 2, true);


--
-- Name: auth_user_user_permissions_id_seq; Type: SEQUENCE SET; Schema: public; Owner: blog
--

SELECT pg_catalog.setval('public.auth_user_user_permissions_id_seq', 1, false);


--
-- Name: blog_comment_id_seq; Type: SEQUENCE SET; Schema: public; Owner: blog
--

SELECT pg_catalog.setval('public.blog_comment_id_seq', 1, true);


--
-- Name: blog_post_id_seq; Type: SEQUENCE SET; Schema: public; Owner: blog
--

SELECT pg_catalog.setval('public.blog_post_id_seq', 6, true);


--
-- Name: django_admin_log_id_seq; Type: SEQUENCE SET; Schema: public; Owner: blog
--

SELECT pg_catalog.setval('public.django_admin_log_id_seq', 7, true);


--
-- Name: django_content_type_id_seq; Type: SEQUENCE SET; Schema: public; Owner: blog
--

SELECT pg_catalog.setval('public.django_content_type_id_seq', 11, true);


--
-- Name: django_migrations_id_seq; Type: SEQUENCE SET; Schema: public; Owner: blog
--

SELECT pg_catalog.setval('public.django_migrations_id_seq', 31, true);


--
-- Name: django_site_id_seq; Type: SEQUENCE SET; Schema: public; Owner: blog
--

SELECT pg_catalog.setval('public.django_site_id_seq', 1, true);


--
-- Name: taggit_tag_id_seq; Type: SEQUENCE SET; Schema: public; Owner: blog
--

SELECT pg_catalog.setval('public.taggit_tag_id_seq', 5, true);


--
-- Name: taggit_taggeditem_id_seq; Type: SEQUENCE SET; Schema: public; Owner: blog
--

SELECT pg_catalog.setval('public.taggit_taggeditem_id_seq', 10, true);


--
-- Name: auth_group auth_group_name_key; Type: CONSTRAINT; Schema: public; Owner: blog
--

ALTER TABLE ONLY public.auth_group
    ADD CONSTRAINT auth_group_name_key UNIQUE (name);


--
-- Name: auth_group_permissions auth_group_permissions_group_id_permission_id_0cd325b0_uniq; Type: CONSTRAINT; Schema: public; Owner: blog
--

ALTER TABLE ONLY public.auth_group_permissions
    ADD CONSTRAINT auth_group_permissions_group_id_permission_id_0cd325b0_uniq UNIQUE (group_id, permission_id);


--
-- Name: auth_group_permissions auth_group_permissions_pkey; Type: CONSTRAINT; Schema: public; Owner: blog
--

ALTER TABLE ONLY public.auth_group_permissions
    ADD CONSTRAINT auth_group_permissions_pkey PRIMARY KEY (id);


--
-- Name: auth_group auth_group_pkey; Type: CONSTRAINT; Schema: public; Owner: blog
--

ALTER TABLE ONLY public.auth_group
    ADD CONSTRAINT auth_group_pkey PRIMARY KEY (id);


--
-- Name: auth_permission auth_permission_content_type_id_codename_01ab375a_uniq; Type: CONSTRAINT; Schema: public; Owner: blog
--

ALTER TABLE ONLY public.auth_permission
    ADD CONSTRAINT auth_permission_content_type_id_codename_01ab375a_uniq UNIQUE (content_type_id, codename);


--
-- Name: auth_permission auth_permission_pkey; Type: CONSTRAINT; Schema: public; Owner: blog
--

ALTER TABLE ONLY public.auth_permission
    ADD CONSTRAINT auth_permission_pkey PRIMARY KEY (id);


--
-- Name: auth_user_groups auth_user_groups_pkey; Type: CONSTRAINT; Schema: public; Owner: blog
--

ALTER TABLE ONLY public.auth_user_groups
    ADD CONSTRAINT auth_user_groups_pkey PRIMARY KEY (id);


--
-- Name: auth_user_groups auth_user_groups_user_id_group_id_94350c0c_uniq; Type: CONSTRAINT; Schema: public; Owner: blog
--

ALTER TABLE ONLY public.auth_user_groups
    ADD CONSTRAINT auth_user_groups_user_id_group_id_94350c0c_uniq UNIQUE (user_id, group_id);


--
-- Name: auth_user auth_user_pkey; Type: CONSTRAINT; Schema: public; Owner: blog
--

ALTER TABLE ONLY public.auth_user
    ADD CONSTRAINT auth_user_pkey PRIMARY KEY (id);


--
-- Name: auth_user_user_permissions auth_user_user_permissions_pkey; Type: CONSTRAINT; Schema: public; Owner: blog
--

ALTER TABLE ONLY public.auth_user_user_permissions
    ADD CONSTRAINT auth_user_user_permissions_pkey PRIMARY KEY (id);


--
-- Name: auth_user_user_permissions auth_user_user_permissions_user_id_permission_id_14a6b632_uniq; Type: CONSTRAINT; Schema: public; Owner: blog
--

ALTER TABLE ONLY public.auth_user_user_permissions
    ADD CONSTRAINT auth_user_user_permissions_user_id_permission_id_14a6b632_uniq UNIQUE (user_id, permission_id);


--
-- Name: auth_user auth_user_username_key; Type: CONSTRAINT; Schema: public; Owner: blog
--

ALTER TABLE ONLY public.auth_user
    ADD CONSTRAINT auth_user_username_key UNIQUE (username);


--
-- Name: blog_comment blog_comment_pkey; Type: CONSTRAINT; Schema: public; Owner: blog
--

ALTER TABLE ONLY public.blog_comment
    ADD CONSTRAINT blog_comment_pkey PRIMARY KEY (id);


--
-- Name: blog_post blog_post_pkey; Type: CONSTRAINT; Schema: public; Owner: blog
--

ALTER TABLE ONLY public.blog_post
    ADD CONSTRAINT blog_post_pkey PRIMARY KEY (id);


--
-- Name: django_admin_log django_admin_log_pkey; Type: CONSTRAINT; Schema: public; Owner: blog
--

ALTER TABLE ONLY public.django_admin_log
    ADD CONSTRAINT django_admin_log_pkey PRIMARY KEY (id);


--
-- Name: django_content_type django_content_type_app_label_model_76bd3d3b_uniq; Type: CONSTRAINT; Schema: public; Owner: blog
--

ALTER TABLE ONLY public.django_content_type
    ADD CONSTRAINT django_content_type_app_label_model_76bd3d3b_uniq UNIQUE (app_label, model);


--
-- Name: django_content_type django_content_type_pkey; Type: CONSTRAINT; Schema: public; Owner: blog
--

ALTER TABLE ONLY public.django_content_type
    ADD CONSTRAINT django_content_type_pkey PRIMARY KEY (id);


--
-- Name: django_migrations django_migrations_pkey; Type: CONSTRAINT; Schema: public; Owner: blog
--

ALTER TABLE ONLY public.django_migrations
    ADD CONSTRAINT django_migrations_pkey PRIMARY KEY (id);


--
-- Name: django_session django_session_pkey; Type: CONSTRAINT; Schema: public; Owner: blog
--

ALTER TABLE ONLY public.django_session
    ADD CONSTRAINT django_session_pkey PRIMARY KEY (session_key);


--
-- Name: django_site django_site_domain_a2e37b91_uniq; Type: CONSTRAINT; Schema: public; Owner: blog
--

ALTER TABLE ONLY public.django_site
    ADD CONSTRAINT django_site_domain_a2e37b91_uniq UNIQUE (domain);


--
-- Name: django_site django_site_pkey; Type: CONSTRAINT; Schema: public; Owner: blog
--

ALTER TABLE ONLY public.django_site
    ADD CONSTRAINT django_site_pkey PRIMARY KEY (id);


--
-- Name: taggit_tag taggit_tag_name_key; Type: CONSTRAINT; Schema: public; Owner: blog
--

ALTER TABLE ONLY public.taggit_tag
    ADD CONSTRAINT taggit_tag_name_key UNIQUE (name);


--
-- Name: taggit_tag taggit_tag_pkey; Type: CONSTRAINT; Schema: public; Owner: blog
--

ALTER TABLE ONLY public.taggit_tag
    ADD CONSTRAINT taggit_tag_pkey PRIMARY KEY (id);


--
-- Name: taggit_tag taggit_tag_slug_key; Type: CONSTRAINT; Schema: public; Owner: blog
--

ALTER TABLE ONLY public.taggit_tag
    ADD CONSTRAINT taggit_tag_slug_key UNIQUE (slug);


--
-- Name: taggit_taggeditem taggit_taggeditem_content_type_id_object_id_tag_id_4bb97a8e_uni; Type: CONSTRAINT; Schema: public; Owner: blog
--

ALTER TABLE ONLY public.taggit_taggeditem
    ADD CONSTRAINT taggit_taggeditem_content_type_id_object_id_tag_id_4bb97a8e_uni UNIQUE (content_type_id, object_id, tag_id);


--
-- Name: taggit_taggeditem taggit_taggeditem_pkey; Type: CONSTRAINT; Schema: public; Owner: blog
--

ALTER TABLE ONLY public.taggit_taggeditem
    ADD CONSTRAINT taggit_taggeditem_pkey PRIMARY KEY (id);


--
-- Name: auth_group_name_a6ea08ec_like; Type: INDEX; Schema: public; Owner: blog
--

CREATE INDEX auth_group_name_a6ea08ec_like ON public.auth_group USING btree (name varchar_pattern_ops);


--
-- Name: auth_group_permissions_group_id_b120cbf9; Type: INDEX; Schema: public; Owner: blog
--

CREATE INDEX auth_group_permissions_group_id_b120cbf9 ON public.auth_group_permissions USING btree (group_id);


--
-- Name: auth_group_permissions_permission_id_84c5c92e; Type: INDEX; Schema: public; Owner: blog
--

CREATE INDEX auth_group_permissions_permission_id_84c5c92e ON public.auth_group_permissions USING btree (permission_id);


--
-- Name: auth_permission_content_type_id_2f476e4b; Type: INDEX; Schema: public; Owner: blog
--

CREATE INDEX auth_permission_content_type_id_2f476e4b ON public.auth_permission USING btree (content_type_id);


--
-- Name: auth_user_groups_group_id_97559544; Type: INDEX; Schema: public; Owner: blog
--

CREATE INDEX auth_user_groups_group_id_97559544 ON public.auth_user_groups USING btree (group_id);


--
-- Name: auth_user_groups_user_id_6a12ed8b; Type: INDEX; Schema: public; Owner: blog
--

CREATE INDEX auth_user_groups_user_id_6a12ed8b ON public.auth_user_groups USING btree (user_id);


--
-- Name: auth_user_user_permissions_permission_id_1fbb5f2c; Type: INDEX; Schema: public; Owner: blog
--

CREATE INDEX auth_user_user_permissions_permission_id_1fbb5f2c ON public.auth_user_user_permissions USING btree (permission_id);


--
-- Name: auth_user_user_permissions_user_id_a95ead1b; Type: INDEX; Schema: public; Owner: blog
--

CREATE INDEX auth_user_user_permissions_user_id_a95ead1b ON public.auth_user_user_permissions USING btree (user_id);


--
-- Name: auth_user_username_6821ab7c_like; Type: INDEX; Schema: public; Owner: blog
--

CREATE INDEX auth_user_username_6821ab7c_like ON public.auth_user USING btree (username varchar_pattern_ops);


--
-- Name: blog_commen_created_4e025c_idx; Type: INDEX; Schema: public; Owner: blog
--

CREATE INDEX blog_commen_created_4e025c_idx ON public.blog_comment USING btree (created_at);


--
-- Name: blog_comment_post_id_580e96ef; Type: INDEX; Schema: public; Owner: blog
--

CREATE INDEX blog_comment_post_id_580e96ef ON public.blog_comment USING btree (post_id);


--
-- Name: blog_post_author_id_dd7a8485; Type: INDEX; Schema: public; Owner: blog
--

CREATE INDEX blog_post_author_id_dd7a8485 ON public.blog_post USING btree (author_id);


--
-- Name: blog_post_publish_bc5a66_idx; Type: INDEX; Schema: public; Owner: blog
--

CREATE INDEX blog_post_publish_bc5a66_idx ON public.blog_post USING btree (publish_at DESC);


--
-- Name: blog_post_slug_b95473f2; Type: INDEX; Schema: public; Owner: blog
--

CREATE INDEX blog_post_slug_b95473f2 ON public.blog_post USING btree (slug);


--
-- Name: blog_post_slug_b95473f2_like; Type: INDEX; Schema: public; Owner: blog
--

CREATE INDEX blog_post_slug_b95473f2_like ON public.blog_post USING btree (slug varchar_pattern_ops);


--
-- Name: django_admin_log_content_type_id_c4bce8eb; Type: INDEX; Schema: public; Owner: blog
--

CREATE INDEX django_admin_log_content_type_id_c4bce8eb ON public.django_admin_log USING btree (content_type_id);


--
-- Name: django_admin_log_user_id_c564eba6; Type: INDEX; Schema: public; Owner: blog
--

CREATE INDEX django_admin_log_user_id_c564eba6 ON public.django_admin_log USING btree (user_id);


--
-- Name: django_session_expire_date_a5c62663; Type: INDEX; Schema: public; Owner: blog
--

CREATE INDEX django_session_expire_date_a5c62663 ON public.django_session USING btree (expire_date);


--
-- Name: django_session_session_key_c0390e0f_like; Type: INDEX; Schema: public; Owner: blog
--

CREATE INDEX django_session_session_key_c0390e0f_like ON public.django_session USING btree (session_key varchar_pattern_ops);


--
-- Name: django_site_domain_a2e37b91_like; Type: INDEX; Schema: public; Owner: blog
--

CREATE INDEX django_site_domain_a2e37b91_like ON public.django_site USING btree (domain varchar_pattern_ops);


--
-- Name: taggit_tag_name_58eb2ed9_like; Type: INDEX; Schema: public; Owner: blog
--

CREATE INDEX taggit_tag_name_58eb2ed9_like ON public.taggit_tag USING btree (name varchar_pattern_ops);


--
-- Name: taggit_tag_slug_6be58b2c_like; Type: INDEX; Schema: public; Owner: blog
--

CREATE INDEX taggit_tag_slug_6be58b2c_like ON public.taggit_tag USING btree (slug varchar_pattern_ops);


--
-- Name: taggit_tagg_content_8fc721_idx; Type: INDEX; Schema: public; Owner: blog
--

CREATE INDEX taggit_tagg_content_8fc721_idx ON public.taggit_taggeditem USING btree (content_type_id, object_id);


--
-- Name: taggit_taggeditem_content_type_id_9957a03c; Type: INDEX; Schema: public; Owner: blog
--

CREATE INDEX taggit_taggeditem_content_type_id_9957a03c ON public.taggit_taggeditem USING btree (content_type_id);


--
-- Name: taggit_taggeditem_object_id_e2d7d1df; Type: INDEX; Schema: public; Owner: blog
--

CREATE INDEX taggit_taggeditem_object_id_e2d7d1df ON public.taggit_taggeditem USING btree (object_id);


--
-- Name: taggit_taggeditem_tag_id_f4f5b767; Type: INDEX; Schema: public; Owner: blog
--

CREATE INDEX taggit_taggeditem_tag_id_f4f5b767 ON public.taggit_taggeditem USING btree (tag_id);


--
-- Name: auth_group_permissions auth_group_permissio_permission_id_84c5c92e_fk_auth_perm; Type: FK CONSTRAINT; Schema: public; Owner: blog
--

ALTER TABLE ONLY public.auth_group_permissions
    ADD CONSTRAINT auth_group_permissio_permission_id_84c5c92e_fk_auth_perm FOREIGN KEY (permission_id) REFERENCES public.auth_permission(id) DEFERRABLE INITIALLY DEFERRED;


--
-- Name: auth_group_permissions auth_group_permissions_group_id_b120cbf9_fk_auth_group_id; Type: FK CONSTRAINT; Schema: public; Owner: blog
--

ALTER TABLE ONLY public.auth_group_permissions
    ADD CONSTRAINT auth_group_permissions_group_id_b120cbf9_fk_auth_group_id FOREIGN KEY (group_id) REFERENCES public.auth_group(id) DEFERRABLE INITIALLY DEFERRED;


--
-- Name: auth_permission auth_permission_content_type_id_2f476e4b_fk_django_co; Type: FK CONSTRAINT; Schema: public; Owner: blog
--

ALTER TABLE ONLY public.auth_permission
    ADD CONSTRAINT auth_permission_content_type_id_2f476e4b_fk_django_co FOREIGN KEY (content_type_id) REFERENCES public.django_content_type(id) DEFERRABLE INITIALLY DEFERRED;


--
-- Name: auth_user_groups auth_user_groups_group_id_97559544_fk_auth_group_id; Type: FK CONSTRAINT; Schema: public; Owner: blog
--

ALTER TABLE ONLY public.auth_user_groups
    ADD CONSTRAINT auth_user_groups_group_id_97559544_fk_auth_group_id FOREIGN KEY (group_id) REFERENCES public.auth_group(id) DEFERRABLE INITIALLY DEFERRED;


--
-- Name: auth_user_groups auth_user_groups_user_id_6a12ed8b_fk_auth_user_id; Type: FK CONSTRAINT; Schema: public; Owner: blog
--

ALTER TABLE ONLY public.auth_user_groups
    ADD CONSTRAINT auth_user_groups_user_id_6a12ed8b_fk_auth_user_id FOREIGN KEY (user_id) REFERENCES public.auth_user(id) DEFERRABLE INITIALLY DEFERRED;


--
-- Name: auth_user_user_permissions auth_user_user_permi_permission_id_1fbb5f2c_fk_auth_perm; Type: FK CONSTRAINT; Schema: public; Owner: blog
--

ALTER TABLE ONLY public.auth_user_user_permissions
    ADD CONSTRAINT auth_user_user_permi_permission_id_1fbb5f2c_fk_auth_perm FOREIGN KEY (permission_id) REFERENCES public.auth_permission(id) DEFERRABLE INITIALLY DEFERRED;


--
-- Name: auth_user_user_permissions auth_user_user_permissions_user_id_a95ead1b_fk_auth_user_id; Type: FK CONSTRAINT; Schema: public; Owner: blog
--

ALTER TABLE ONLY public.auth_user_user_permissions
    ADD CONSTRAINT auth_user_user_permissions_user_id_a95ead1b_fk_auth_user_id FOREIGN KEY (user_id) REFERENCES public.auth_user(id) DEFERRABLE INITIALLY DEFERRED;


--
-- Name: blog_comment blog_comment_post_id_580e96ef_fk_blog_post_id; Type: FK CONSTRAINT; Schema: public; Owner: blog
--

ALTER TABLE ONLY public.blog_comment
    ADD CONSTRAINT blog_comment_post_id_580e96ef_fk_blog_post_id FOREIGN KEY (post_id) REFERENCES public.blog_post(id) DEFERRABLE INITIALLY DEFERRED;


--
-- Name: blog_post blog_post_author_id_dd7a8485_fk_auth_user_id; Type: FK CONSTRAINT; Schema: public; Owner: blog
--

ALTER TABLE ONLY public.blog_post
    ADD CONSTRAINT blog_post_author_id_dd7a8485_fk_auth_user_id FOREIGN KEY (author_id) REFERENCES public.auth_user(id) DEFERRABLE INITIALLY DEFERRED;


--
-- Name: django_admin_log django_admin_log_content_type_id_c4bce8eb_fk_django_co; Type: FK CONSTRAINT; Schema: public; Owner: blog
--

ALTER TABLE ONLY public.django_admin_log
    ADD CONSTRAINT django_admin_log_content_type_id_c4bce8eb_fk_django_co FOREIGN KEY (content_type_id) REFERENCES public.django_content_type(id) DEFERRABLE INITIALLY DEFERRED;


--
-- Name: django_admin_log django_admin_log_user_id_c564eba6_fk_auth_user_id; Type: FK CONSTRAINT; Schema: public; Owner: blog
--

ALTER TABLE ONLY public.django_admin_log
    ADD CONSTRAINT django_admin_log_user_id_c564eba6_fk_auth_user_id FOREIGN KEY (user_id) REFERENCES public.auth_user(id) DEFERRABLE INITIALLY DEFERRED;


--
-- Name: taggit_taggeditem taggit_taggeditem_content_type_id_9957a03c_fk_django_co; Type: FK CONSTRAINT; Schema: public; Owner: blog
--

ALTER TABLE ONLY public.taggit_taggeditem
    ADD CONSTRAINT taggit_taggeditem_content_type_id_9957a03c_fk_django_co FOREIGN KEY (content_type_id) REFERENCES public.django_content_type(id) DEFERRABLE INITIALLY DEFERRED;


--
-- Name: taggit_taggeditem taggit_taggeditem_tag_id_f4f5b767_fk_taggit_tag_id; Type: FK CONSTRAINT; Schema: public; Owner: blog
--

ALTER TABLE ONLY public.taggit_taggeditem
    ADD CONSTRAINT taggit_taggeditem_tag_id_f4f5b767_fk_taggit_tag_id FOREIGN KEY (tag_id) REFERENCES public.taggit_tag(id) DEFERRABLE INITIALLY DEFERRED;


--
-- PostgreSQL database dump complete
--

